nb;file;function;dataCall;tab;modificato;;;;;
1;Catch_tab_example.R;;DATA;;;;;;;
2;check_AL.R;;RCG;CS;W;;;;;
3;check_CL.R;;RCG;CL;W;;;;;
4;check_LFD.r;;RCG;CS;W;;;;;
5;check_LFD_comm_cat.R;;RCG;CS;W;;;;;
6;check_loc.R;;RCG;CS;W;;;;;
7;check_lw.R;;RCG;CS;W;;;;;
8;check_mat.R;;RCG;CS;W;;;;;
9;check_mat_ogive.R;;RCG;CS;W;;;;;
10;circabc.R;;DATA;;;;;;;
11;data_ex.R;;DATA;;;;;;;
12;dataCL.R;;DATA;;;;;;;
13;dataset_documentation.r;;DATA;;;;;;;
14;MEDBS_discard_coverage.R;;MEDBS;Discard_tab_example;x;;;;;
15;Discard_tab_example.R;;DATA;;;;;;;
17;FDI_Check_empty_field_G.R;;;;;;;;;Discard_tab_example
18;FDI_Check_empty_field_H.R;;;;;;;;;
19;FDI_Check_empty_field_I.R;;;;;;;;;
20;FDI_Check_empty_field_J.R;;;;;;;;;
21;FDI_Check_record_duplicated_G.R;;;;;;;;;
22;FDI_Check_record_duplicated_H.R;;;;;;;;;
23;FDI_Check_record_duplicated_I.R;;;;;;;;;
24;FDI_Check_record_duplicated_J.R;;;;;;;;;
25;GFCM_Check_empty_field_II2.R;;;;;;;;;
26;GFCM_Check_empty_field_III.R;;;;;;;;;
27;GFCM_Check_empty_field_VII2.R;;;;;;;;;
28;GFCM_Check_empty_field_VII31.R;;;;;;;;;
29;GFCM_Check_empty_field_VII32.R;;;;;;;;;
30;GFCM_Check_min_max_L50_VII31.R;;;;;;;;;
31;GFCM_Check_min_max_lenght_VII2.R;;;;;;;;;
32;GFCM_Check_presence_GSA_FS_II2.R;;;;;;;;;
33;GFCM_Check_record_duplicated_II2.R;;;;;;;;;
34;GFCM_Check_record_duplicated_III.R;;;;;;;;;
35;GFCM_Check_record_duplicated_VII2.R;;;;;;;;;
36;GFCM_Check_record_duplicated_VII31.R;;;;;;;;;
37;GFCM_Check_record_duplicated_VII32.R;;;;;;;;;
38;GFCM_check_species_catfau_VII32.R;;;;;;;;;
39;GFCM_lmat_TaskVII32.R;;;;;;;;;
40;GFCM_relatioship_length_weight_VII2.R;;;;;;;;;
41;GP_check.R;;;;;;;;;
42;GP_tab_example.R;;;;;;;;;
43;landing.r;;;;;;;;;
44;Landing_coverage.R;;;;;;;;;
45;Landing_tab_example.R;;;;;;;;;
46;LW_check_MED_BS.R;;;;;;;;;
47;MA_tab_check.R;;;;;;;;;
48;MA_tab_example.R;;;;;;;;;
49;MEDBS_Catch_coverage.R;MEDBS_Catch_coverage;MED&BS;Catch_tab_example;x;;;;;
50;MEDBS_check_duplicates.r;MEDBS_check_duplicates;MED&BS;Discard_tab_example / Landing_tab_example;x;;;;;
51;MEDBS_comp_disc_YQ.r;MEDBS_comp_disc_YQ;MED&BS;Discard_tab_example;x;;;;;
52;MEDBS_comp_disc_YQ_fishery.r;MEDBS_comp_disc_YQ_fishery;MED&BS;Discard_tab_example;x;;;;;
53;MEDBS_comp_land_Q_VL.R;MEDBS_comp_land_YQ_VL;MED&BS;Landing_tab_example;x;;;;;
54;MEDBS_comp_land_Q_VL_fishery.R;MEDBS_comp_land_Q_VL_fishery;MED&BS;Landing_tab_example;x;;;;;
55;MEDBS_comp_land_YQ.r;MEDBS_comp_land_YQ;MED&BS;Landing_tab_example;x;;;;;
56;MEDBS_comp_land_YQ_fishery.r;MEDBS_comp_land_YQ_fishery;MED&BS;Landing_tab_example;x;;;;;
57;MEDBS_disc_mean_weight.r;MEDBS_disc_mean_weight;MED&BS;Discard_tab_example;x;;;;;
58;MEDBS_ks.r;;MED&BS;Discard_tab_example / Landing_tab_example;x;;;;;
59;MEDBS_land_mean_weight.r;MEDBS_land_mean_weight;MED&BS;Landing_tab_example;x;;;;;
60;MEDBS_length_ind.r;MEDBS_length_ind;MED&BS;Discard_tab_example / Landing_tab_example;x;;;;;
61;MEDBS_lengthclass_0.R;MEDBS_lengthclass_0;MED&BS;Discard_tab_example / Landing_tab_example;x;;;;;
62;MEDBS_plot_disc_vol.r;MEDBS_plot_disc_vol;MED&BS;Discard_tab_example;x;;;;;
63;MEDBS_plot_discard_ts.R;MEDBS_plot_discard_ts;MED&BS;Discard_tab_example;x;;;;;
64;MEDBS_plot_land_vol.r;MEDBS_plot_land_vol;MED&BS;Landing_tab_example;x;;;;;
65;MEDBS_plot_landing_ts.R;MEDBS_plot_landing_ts;MED&BS;Landing_tab_example;x;;;;;
66;MEDBS_weight_0.R;MEDBS_weight_0;MED&BS;Discard_tab_example / Landing_tab_example;x;;;;;
67;MEDBS_weight_minus1.R;MEDBS_weight_minus1;MED&BS;Discard_tab_example / Landing_tab_example;x;;;;;
68;MEDBS_yr_missing_length.r;MEDBS_yr_missing_length;MED&BS;Discard_tab_example / Landing_tab_example;x;;;;;
69;ML_check.R;;;;;;;;;
70;ML_tab_example.R;;;;;;;;;
71;SA_tab_check.R;;;;;;;;;
72;SA_tab_example.R;;;;;;;;;
73;SL_tab_check.R;;;;;;;;;
74;SL_tab_example.R;;;;;;;;;
75;summarize_ind_meas.R;;;;;;;;;
76;summarize_trips.R;;;;;;;;;
